Código;"TISS 
Código";"TISS
Tipo Tabela";Tipo Item PTU;Vigência;Descrição Tabelas Vigentes;Valor Teto Estadual SC;Valor Teto Estadual PR;Valor Teto Estadual RS;Valor Teto Nacional;Valor Anestesista;"MEDICAMENTO
SC
PT 17% ALC";"MEDICAMENTO
PR / RS
PT 18% ALC";Valor Anestesista PR;Valor Anestesista SC;Valor Anestesista RS;Tipo de Tabela;Unid Mín Fração;Data Fim Vigencia;Cód. Anterior;Tipo de Codificacao;Codificação PTU;"""TISS
Tipo Tabela """;"""TISS 
Código""";TISS Cód. Anterior;TISS TP Tabela
60027169;60027169;18;1;;ALUGUEL /  TAXA DE INTENSIFICADOR DE IMAGEM, POR USO;0;;;;;;;;;;TAXA;;;;SERVIÇOS HOSPITALARES;1;;;;
60026642;60026642;18;1;;ALUGUEL / TAXA DE EQUIPAMENTO DE CIRURGIA ESTEREOTÁXICA, POR USO;0;;;;;;;;;;TAXA;;;;SERVIÇOS HOSPITALARES;1;;;;
60027240;60027240;18;1;;ALUGUEL / TAXA DE LITOTRIPSOR ULTRASSÔNICO, POR USO;0;;;;;;;;;;TAXA;;;;SERVIÇOS HOSPITALARES;1;;;;
60027258;60027258;18;1;;ALUGUEL / TAXA DE LITOTRIPTOR  PNEUMÁTICO, POR USO;0;;;;;;;;;;TAXA;;;;SERVIÇOS HOSPITALARES;1;;;;
60027266;60027266;18;1;;ALUGUEL / TAXA DE LITOTRIPTOR ELETROHIDRAULICO, POR USO;0;;;;;;;;;;TAXA;;;;SERVIÇOS HOSPITALARES;1;;;;
60027363;60027363;18;1;;ALUGUEL / TAXA DE MICROCÓSPIO CIRÚRGICO DE FIBRA ÓTICA, POR USO;0;;;;;;;;;;TAXA;;;;SERVIÇOS HOSPITALARES;1;;;;
60027371;60027371;18;1;;ALUGUEL / TAXA DE MICROCÓSPIO NEUROLÓGICO DE FIBRA ÓTICA, POR USO;0;;;;;;;;;;TAXA;;;;SERVIÇOS HOSPITALARES;1;;;;
60027428;60027428;18;1;;ALUGUEL / TAXA DE MICROSCÓPIO CIRÚRGICO, POR USO;0;;;;;;;;;;TAXA;;;;SERVIÇOS HOSPITALARES;1;;;;
60027444;60027444;18;1;;ALUGUEL / TAXA DE MICROSCÓPIO DE OTORRINOLARINGOLOGIA, POR USO;0;;;;;;;;;;TAXA;;;;SERVIÇOS HOSPITALARES;1;;;;
60027452;60027452;18;1;;ALUGUEL / TAXA DE MONITOR DE VÍDEO, POR USO;0;;;;;;;;;;TAXA;;;;SERVIÇOS HOSPITALARES;1;;;;
60027487;60027487;18;1;;ALUGUEL / TAXA DE NEUROESTIMULADOR, POR USO;0;;;;;;;;;;TAXA;;;;SERVIÇOS HOSPITALARES;1;;;;
60027860;60027860;18;1;;ALUGUEL / TAXA DE RESSECTOR UROLÓGICO, POR USO;0;;;;;;;;;;TAXA;;;;SERVIÇOS HOSPITALARES;1;;;;
60028300;60028300;18;1;;ALUGUEL / TAXA DO VITREÓGRAFO, POR USO;0;;;;;;;;;;TAXA;;;;SERVIÇOS HOSPITALARES;1;;;;
60024151;60024151;18;1;;ALUGUEL/TAXA DE APARELHO / EQUIPAMENTO PARA ARTROSCOPIA PARA CIRURGIA, POR USO;0;;;;;;;;;;TAXA;;;;SERVIÇOS HOSPITALARES;1;;;;
60024160;60024160;18;1;;ALUGUEL/TAXA DE APARELHO / EQUIPAMENTO PARA ARTROSCOPIA PARA DIAGNÓSTICO, POR USO;0;;;;;;;;;;TAXA;;;;SERVIÇOS HOSPITALARES;1;;;;
60024178;60024178;18;1;;ALUGUEL/TAXA DE APARELHO / EQUIPAMENTO PARA BRONCOSCOPIA COM VIDEO, POR USO;0;;;;;;;;;;TAXA;;;;SERVIÇOS HOSPITALARES;1;;;;
60024194;60024194;18;1;;ALUGUEL/TAXA DE APARELHO / EQUIPAMENTO PARA BRONCOSCOPIA FLEXIVEL SEM VIDEO, POR USO;0;;;;;;;;;;TAXA;;;;SERVIÇOS HOSPITALARES;1;;;;
60024208;60024208;18;1;;ALUGUEL/TAXA DE APARELHO / EQUIPAMENTO PARA BRONCOSCOPIA SEM VIDEO, POR USO;0;;;;;;;;;;TAXA;;;;SERVIÇOS HOSPITALARES;1;;;;
60024232;60024232;18;1;;ALUGUEL/TAXA DE APARELHO / EQUIPAMENTO PARA CISTOURETEROSCOPIA COM VIDEO, POR USO;0;;;;;;;;;;TAXA;;;;SERVIÇOS HOSPITALARES;1;;;;
60024240;60024240;18;1;;ALUGUEL/TAXA DE APARELHO / EQUIPAMENTO PARA CISTOURETEROSCOPIA SEM VIDEO, POR USO;0;;;;;;;;;;TAXA;;;;SERVIÇOS HOSPITALARES;1;;;;
60024267;60024267;18;1;;ALUGUEL/TAXA DE APARELHO / EQUIPAMENTO PARA COLEDOSCOPIA SEM VIDEO, POR USO;0;;;;;;;;;;TAXA;;;;SERVIÇOS HOSPITALARES;1;;;;
60024275;60024275;18;1;;ALUGUEL/TAXA DE APARELHO / EQUIPAMENTO PARA COLONOSCOPIA COM VIDEO, POR USO;0;;;;;;;;;;TAXA;;;;SERVIÇOS HOSPITALARES;1;;;;
60024283;60024283;18;1;;ALUGUEL/TAXA DE APARELHO / EQUIPAMENTO PARA COLONOSCOPIA SEM VIDEO, POR USO;0;;;;;;;;;;TAXA;;;;SERVIÇOS HOSPITALARES;1;;;;
60024305;60024305;18;1;;ALUGUEL/TAXA DE APARELHO / EQUIPAMENTO PARA COLPOSCOPIA SEM VIDEO, POR USO;0;;;;;;;;;;TAXA;;;;SERVIÇOS HOSPITALARES;1;;;;
60024313;60024313;18;1;;ALUGUEL/TAXA DE APARELHO / EQUIPAMENTO PARA ECOENDOSCOPIA COM VIDEO, POR USO;0;;;;;;;;;;TAXA;;;;SERVIÇOS HOSPITALARES;1;;;;
60024321;60024321;18;1;;ALUGUEL/TAXA DE APARELHO / EQUIPAMENTO PARA ECOENDOSCOPIA SEM VIDEO, POR USO;0;;;;;;;;;;TAXA;;;;SERVIÇOS HOSPITALARES;1;;;;
60024330;60024330;18;1;;ALUGUEL/TAXA DE APARELHO / EQUIPAMENTO PARA ENDOSCOPIA DIGESTIVA ALTA COM VIDEO, POR USO;0;;;;;;;;;;TAXA;;;;SERVIÇOS HOSPITALARES;1;;;;
60024348;60024348;18;1;;ALUGUEL/TAXA DE APARELHO / EQUIPAMENTO PARA ENDOSCOPIA DIGESTIVA ALTA SEM VIDEO, POR USO;0;;;;;;;;;;TAXA;;;;SERVIÇOS HOSPITALARES;1;;;;
60024356;60024356;18;1;;ALUGUEL/TAXA DE APARELHO / EQUIPAMENTO PARA HISTEROSCOPIA COM VIDEO, POR USO;0;;;;;;;;;;TAXA;;;;SERVIÇOS HOSPITALARES;1;;;;
60024364;60024364;18;1;;ALUGUEL/TAXA DE APARELHO / EQUIPAMENTO PARA HISTEROSCOPIA SEM VIDEO, POR USO;0;;;;;;;;;;TAXA;;;;SERVIÇOS HOSPITALARES;1;;;;
60024380;60024380;18;1;;ALUGUEL/TAXA DE APARELHO / EQUIPAMENTO PARA LAPAROSCOPIA PARA CIRURGIA, POR USO;0;;;;;;;;;;TAXA;;;;SERVIÇOS HOSPITALARES;1;;;;
60024399;60024399;18;1;;ALUGUEL/TAXA DE APARELHO / EQUIPAMENTO PARA LAPAROSCOPIA PARA DIAGNÓSTICO, POR USO;0;;;;;;;;;;TAXA;;;;SERVIÇOS HOSPITALARES;1;;;;
60024402;60024402;18;1;;ALUGUEL/TAXA DE APARELHO / EQUIPAMENTO PARA LARINGOSCOPIA COM VIDEO, POR USO;0;;;;;;;;;;TAXA;;;;SERVIÇOS HOSPITALARES;1;;;;
60024410;60024410;18;1;;ALUGUEL/TAXA DE APARELHO / EQUIPAMENTO PARA LARINGOSCOPIA SEM VIDEO, POR USO;0;;;;;;;;;;TAXA;;;;SERVIÇOS HOSPITALARES;1;;;;
60024437;60024437;18;1;;ALUGUEL/TAXA DE APARELHO / EQUIPAMENTO PARA MEDIASTINOSCOPIA PARA CIRURGIA, POR USO;0;;;;;;;;;;TAXA;;;;SERVIÇOS HOSPITALARES;1;;;;
60024445;60024445;18;1;;ALUGUEL/TAXA DE APARELHO / EQUIPAMENTO PARA MEDIASTINOSCOPIA PARA DIAGNÓSTICO, POR USO;0;;;;;;;;;;TAXA;;;;SERVIÇOS HOSPITALARES;1;;;;
60024453;60024453;18;1;;ALUGUEL/TAXA DE APARELHO / EQUIPAMENTO PARA NASOLARINGOSCOPIA COM VIDEO, POR USO;0;;;;;;;;;;TAXA;;;;SERVIÇOS HOSPITALARES;1;;;;
60024461;60024461;18;1;;ALUGUEL/TAXA DE APARELHO / EQUIPAMENTO PARA NASOLARINGOSCOPIA SEM VIDEO, POR USO;0;;;;;;;;;;TAXA;;;;SERVIÇOS HOSPITALARES;1;;;;
60024526;60024526;18;1;;ALUGUEL/TAXA DE APARELHO / EQUIPAMENTO PARA PAPILOTOMIA SEM VIDEO, POR USO;0;;;;;;;;;;TAXA;;;;SERVIÇOS HOSPITALARES;1;;;;
60024550;60024550;18;1;;ALUGUEL/TAXA DE APARELHO / EQUIPAMENTO PARA RETOSIGMOIDOSCOPIA COM VIDEO, POR USO;0;;;;;;;;;;TAXA;;;;SERVIÇOS HOSPITALARES;1;;;;
60024569;60024569;18;1;;ALUGUEL/TAXA DE APARELHO / EQUIPAMENTO PARA RETOSIGMOIDOSCOPIA SEM VIDEO, POR USO;0;;;;;;;;;;TAXA;;;;SERVIÇOS HOSPITALARES;1;;;;
60024585;60024585;18;1;;ALUGUEL/TAXA DE APARELHO / EQUIPAMENTO PARA SINUSOCOSPIA SEM VIDEO, POR USO;0;;;;;;;;;;TAXA;;;;SERVIÇOS HOSPITALARES;1;;;;
60024607;60024607;18;1;;ALUGUEL/TAXA DE APARELHO / EQUIPAMENTO PARA TORACOSCOPIA PARA CIRURGIA, POR USO;0;;;;;;;;;;TAXA;;;;SERVIÇOS HOSPITALARES;1;;;;
60024615;60024615;18;1;;ALUGUEL/TAXA DE APARELHO / EQUIPAMENTO PARA TORACOSCOPIA PARA DIAGNÓSTICO, POR USO;0;;;;;;;;;;TAXA;;;;SERVIÇOS HOSPITALARES;1;;;;
60024836;60024836;18;1;;ALUGUEL/TAXA DE APARELHO DE RADIOFREQUÊNCIA NEUROLÓGICA, POR USO;0;;;;;;;;;;TAXA;;;;SERVIÇOS HOSPITALARES;1;;;;
60024801;60024801;18;1;;ALUGUEL/TAXA DE APARELHO DE RADIOFREQUÊNCIA, POR USO;0;;;;;;;;;;TAXA;;;;SERVIÇOS HOSPITALARES;1;;;;
60024852;60024852;18;1;;ALUGUEL/TAXA DE APARELHO DE RTU, POR USO;0;;;;;;;;;;TAXA;;;;SERVIÇOS HOSPITALARES;1;;;;
60024887;60024887;18;1;;ALUGUEL/TAXA DE APARELHO DE URODINÂMICA, POR USO;0;;;;;;;;;;TAXA;;;;SERVIÇOS HOSPITALARES;1;;;;
60025182;60025182;18;1;;ALUGUEL/TAXA DE ASPIRADOR DE CATARATA / FACOEMULSIFICADOR, POR USO;0;;;;;;;;;;TAXA;;;;SERVIÇOS HOSPITALARES;1;;;;
60025204;60025204;18;1;;ALUGUEL/TAXA DE ASPIRADOR ELÉTRICO, POR USO;0;;;;;;;;;;TAXA;;;;SERVIÇOS HOSPITALARES;1;;;;
60025239;60025239;18;1;;ALUGUEL/TAXA DE ASPIRADOR ULTRASÔNICO, POR USO;0;;;;;;;;;;TAXA;;;;SERVIÇOS HOSPITALARES;1;;;;
60026332;60026332;18;1;;ALUGUEL/TAXA DE COLCHÃO DE AR, POR DIA;0;;;;;;;;;;TAXA;;;;SERVIÇOS HOSPITALARES;1;;;;
60026685;60026685;18;1;;ALUGUEL/TAXA DE ESCADA COM 2 DEGRAUS, POR DIA;0;;;;;;;;;;TAXA;;;;SERVIÇOS HOSPITALARES;1;;;;
80991220;1880991220;0;1;;ALUGUEL/TAXA DE LUZ ULTRAVIOLETA A PARA CROSS LINKING CORNEANO;0;;;;;;;;;;TAXA;;;;SERVIÇOS HOSPITALARES;1;;;;
60027401;60027401;18;1;;ALUGUEL/TAXA DE MICRONEBULIZADOR, POR USO;0;;;;;;;;;;TAXA;;;;SERVIÇOS HOSPITALARES;1;;;;
60027894;60027894;18;1;;ALUGUEL/TAXA DE RETOSIGMOIDOSCÓPIO, POR USO;0;;;;;;;;;;TAXA;;;;SERVIÇOS HOSPITALARES;1;;;;
60028149;60028149;18;1;;ALUGUEL/TAXA DE USO DO APARELHO DE VIDEO URETEROSCOPIO;0;;;;;;;;;;TAXA;;;;SERVIÇOS HOSPITALARES;1;;;;
60034122;60034122;18;1;;AR COMPRIMIDO, POR HORA;0;;;;;;;;;;TAXA;;;;SERVIÇOS HOSPITALARES;1;;;;
60034130;60034130;18;1;;AR COMPRIMIDO, POR MINUTO;0;;;;;;;;;;TAXA;;;;SERVIÇOS HOSPITALARES;1;;;;
60025662;60025662;18;1;;BOMBA DE INFUSÃO, POR DIA;0;;;;;;;;;;TAXA;;;;SERVIÇOS HOSPITALARES;1;;;;
60026197;60026197;18;1;;CÂMARA HIPERBÁRICA, POR USO/SESSÃO;0;;;;;;;;;;TAXA;;;;SERVIÇOS HOSPITALARES;1;;;;
60028351;60028351;18;1;;CAPACETE DE OXIGÊNIO, POR HORA;0;;;;;;;;;;TAXA;;;;SERVIÇOS HOSPITALARES;1;;;;
60034149;60034149;18;1;;CAPACETE DE OXIGÊNIO, POR MINUTO;0;;;;;;;;;;TAXA;;;;SERVIÇOS HOSPITALARES;1;;;;
60028378;60028378;18;1;;CATÉTER PARA OXIGÊNIO, POR HORA;0;;;;;;;;;;TAXA;;;;SERVIÇOS HOSPITALARES;1;;;;
60034157;60034157;18;1;;CATÉTER PARA OXIGÊNIO, POR MINUTO;0;;;;;;;;;;TAXA;;;;SERVIÇOS HOSPITALARES;1;;;;
60028394;60028394;18;1;;GÁS CARBÔNICO, POR HORA;0;;;;;;;;;;TAXA;;;;SERVIÇOS HOSPITALARES;1;;;;
60034165;60034165;18;1;;GÁS CARBÔNICO, POR MINUTO;0;;;;;;;;;;TAXA;;;;SERVIÇOS HOSPITALARES;1;;;;
60028408;60028408;18;1;;HÉLIO, POR HORA;0;;;;;;;;;;TAXA;;;;SERVIÇOS HOSPITALARES;1;;;;
60034173;60034173;18;1;;HÉLIO, POR MINUTO;0;;;;;;;;;;TAXA;;;;SERVIÇOS HOSPITALARES;1;;;;
60028459;60028459;18;1;;MACRONEBULIZAÇÃO COM OXIGÊNIO, POR HORA;0;;;;;;;;;;TAXA;;;;SERVIÇOS HOSPITALARES;1;;;;
60034220;60034220;18;1;;MACRONEBULIZAÇÃO COM OXIGÊNIO, POR MINUTO;0;;;;;;;;;;TAXA;;;;SERVIÇOS HOSPITALARES;1;;;;
60028475;60028475;18;1;;NEBULIZAÇÃO / MÁSCARA COM OXIGÊNIO, POR HORA;0;;;;;;;;;;TAXA;;;;SERVIÇOS HOSPITALARES;1;;;;
60034238;60034238;18;1;;NEBULIZAÇÃO / MÁSCARA COM OXIGÊNIO, POR MINUTO;0;;;;;;;;;;TAXA;;;;SERVIÇOS HOSPITALARES;1;;;;
60034246;60034246;18;1;;NEBULIZAÇÃO / MÁSCARA, COM ÓXIDO NITROSO, POR MINUTO;0;;;;;;;;;;TAXA;;;;SERVIÇOS HOSPITALARES;1;;;;
60028505;60028505;18;1;;NEBULIZAÇÃO/MÁSCARA COM AR COMPRIMIDO E OXIGÊNIO, POR HORA;0;;;;;;;;;;TAXA;;;;SERVIÇOS HOSPITALARES;1;;;;
60034262;60034262;18;1;;NEBULIZAÇÃO/MÁSCARA COM AR COMPRIMIDO E OXIGÊNIO, POR MINUTO;0;;;;;;;;;;TAXA;;;;SERVIÇOS HOSPITALARES;1;;;;
60034270;60034270;18;1;;NITROGÊNIO LÍQUIDO, POR MINUTO;0;;;;;;;;;;TAXA;;;;SERVIÇOS HOSPITALARES;1;;;;
60009179;60009179;18;1;;NITROGÊNIO LÍQUIDO, POR USO/SESSÃO, FORA DA UTI/SEMI-UTI E DO CENTRO CIRÚRGICO;0;;;;;;;;;;TAXA;;;;SERVIÇOS HOSPITALARES;1;;;;
60028521;60028521;18;1;;NITROGÊNIO, POR HORA;0;;;;;;;;;;TAXA;;;;SERVIÇOS HOSPITALARES;1;;;;
60034289;60034289;18;1;;NITROGÊNIO, POR MINUTO;0;;;;;;;;;;TAXA;;;;SERVIÇOS HOSPITALARES;1;;;;
60009284;60009284;18;1;;NITROGÊNIO, POR USO/SESSÃO, NO CENTRO CIRÚRGICO;0;;;;;;;;;;TAXA;;;;SERVIÇOS HOSPITALARES;1;;;;
60028564;60028564;18;1;;ÓXIDO NÍTRICO, POR HORA;0;;;;;;;;;;TAXA;;;;SERVIÇOS HOSPITALARES;1;;;;
60034297;60034297;18;1;;ÓXIDO NÍTRICO, POR MINUTO;0;;;;;;;;;;TAXA;;;;SERVIÇOS HOSPITALARES;1;;;;
60028572;60028572;18;1;;ÓXIDO NITROSO, POR HORA;0;;;;;;;;;;TAXA;;;;SERVIÇOS HOSPITALARES;1;;;;
60034300;60034300;18;1;;ÓXIDO NITROSO, POR MINUTO;0;;;;;;;;;;TAXA;;;;SERVIÇOS HOSPITALARES;1;;;;
60028580;60028580;18;1;;OXIGÊNIO NA INCUBADORA, POR HORA;0;;;;;;;;;;TAXA;;;;SERVIÇOS HOSPITALARES;1;;;;
60034319;60034319;18;1;;OXIGÊNIO NA INCUBADORA, POR MINUTO;0;;;;;;;;;;TAXA;;;;SERVIÇOS HOSPITALARES;1;;;;
60028599;60028599;18;1;;OXIGÊNIO NO RESPIRADOR/VENTILADOR, POR HORA;0;;;;;;;;;;TAXA;;;;SERVIÇOS HOSPITALARES;1;;;;
60034327;60034327;18;1;;OXIGÊNIO NO RESPIRADOR/VENTILADOR, POR MINUTO;0;;;;;;;;;;TAXA;;;;SERVIÇOS HOSPITALARES;1;;;;
60034335;60034335;18;1;;OXIGÊNIO, POR HORA;0;;;;;;;;;;TAXA;;;;SERVIÇOS HOSPITALARES;1;;;;
60034343;60034343;18;1;;OXIGÊNIO, POR MINUTO;0;;;;;;;;;;TAXA;;;;SERVIÇOS HOSPITALARES;1;;;;
98200160;98200160;98;1;;PACOTE CILINDRO DE OXIGÊNIO PORTÁTIL (BALA PEQUENA) EM DOMICÍLIO, INCLUINDO ACESSÓRIOS, POR DIA;0;;;;;;;;;;TAXA;;;;SERVIÇOS HOSPITALARES;1;;;;
98200143;98200143;98;1;;PACOTE DE APARELHO/ EQUIPAMENTO DE OXIGÊNIO PORTÁTIL EM DOMICÍLIO, INCLUINDO ACESSÓRIOS, POR DIA;0;;;;;;;;;;TAXA;;;;SERVIÇOS HOSPITALARES;1;;;;
98200178;98200178;98;1;;PACOTE DE CILINDRO DE OXIGÊNIO PORTÁTIL (BALA GRANDE) EM DOMICÍLIO, INCLUINDO ACESSÓRIOS, POR DIA;0;;;;;;;;;;TAXA;;;;SERVIÇOS HOSPITALARES;1;;;;
98200151;98200151;98;1;;PACOTE DE CONCENTRADOR DE OXIGÊNIO EM DOMICÍLIO, INCLUINDO ACESSÓRIOS, POR DIA;0;;;;;;;;;;TAXA;;;;SERVIÇOS HOSPITALARES;1;;;;
98200100;98200100;98;1;;PACOTE DE INTERNAÇÃO DOMICILIAR 6H SEM VENTILAÇÃO, POR DIA;0;;;;;;;;;;TAXA;;;;SERVIÇOS HOSPITALARES;1;;;;
98200038;98200038;98;1;;PACOTE DE INTERNAÇÃO DOMICILIAR 12H COM VENTILAÇÃO MECÂNICA INVASIVA, POR DIA;0;;;;;;;;;;TAXA;;;;SERVIÇOS HOSPITALARES;1;;;;
98200062;98200062;98;1;;PACOTE DE INTERNAÇÃO DOMICILIAR 12H COM VENTILAÇÃO MECÂNICA NÃO INVASIVA, POR DIA;0;;;;;;;;;;TAXA;;;;SERVIÇOS HOSPITALARES;1;;;;
98200097;98200097;98;1;;PACOTE DE INTERNAÇÃO DOMICILIAR 12H SEM VENTILAÇÃO, POR DIA;0;;;;;;;;;;TAXA;;;;SERVIÇOS HOSPITALARES;1;;;;
98200020;98200020;98;1;;PACOTE DE INTERNAÇÃO DOMICILIAR 18H COM VENTILAÇÃO MECÂNICA INVASIVA, POR DIA;0;;;;;;;;;;TAXA;;;;SERVIÇOS HOSPITALARES;1;;;;
98200054;98200054;98;1;;PACOTE DE INTERNAÇÃO DOMICILIAR 18H COM VENTILAÇÃO MECÂNICA NÃO INVASIVA, POR DIA;0;;;;;;;;;;TAXA;;;;SERVIÇOS HOSPITALARES;1;;;;
98200089;98200089;98;1;;PACOTE DE INTERNAÇÃO DOMICILIAR 18H SEM VENTILAÇÃO, POR DIA;0;;;;;;;;;;TAXA;;;;SERVIÇOS HOSPITALARES;1;;;;
98200011;98200011;98;1;;PACOTE DE INTERNAÇÃO DOMICILIAR 24H COM VENTILAÇÃO MECÂNICA INVASIVA, POR DIA;0;;;;;;;;;;TAXA;;;;SERVIÇOS HOSPITALARES;1;;;;
98200046;98200046;98;1;;PACOTE DE INTERNAÇÃO DOMICILIAR 24H COM VENTILAÇÃO MECÂNICA NÃO INVASIVA, POR DIA;0;;;;;;;;;;TAXA;;;;SERVIÇOS HOSPITALARES;1;;;;
98200070;98200070;98;1;;PACOTE DE INTERNAÇÃO DOMICILIAR 24H SEM VENTILAÇÃO, POR DIA;0;;;;;;;;;;TAXA;;;;SERVIÇOS HOSPITALARES;1;;;;
98200127;98200127;98;1;;PACOTE DE PROCEDIMENTO DE ENFERMEIRO, EM DOMICÍLIO;0;;;;;;;;;;TAXA;;;;SERVIÇOS HOSPITALARES;1;;;;
98200119;98200119;98;1;;PACOTE DE PROCEDIMENTO DOMICILIAR DE AUXILIAR/TÉCNICO DE ENFERMAGEM, ATÉ 3 HORAS;0;;;;;;;;;;TAXA;;;;SERVIÇOS HOSPITALARES;1;;;;
98200135;98200135;98;1;;PACOTE DE RESPIRADOR BIPAP/CPAP EM DOMICÍLIO, INCLUINDO ACESSÓRIOS, POR DIA;0;;;;;;;;;;TAXA;;;;SERVIÇOS HOSPITALARES;1;;;;
80990339;1880990339;0;1;;RECARGA PARA APARELHO/EQUIPAMENTO DE OXIGÊNIO PORTÁTIL;0;;;;;;;;;;TAXA;;;;SERVIÇOS HOSPITALARES;1;;;;
80990479;1880990479;0;1;;RECARGA PARA CILINDRO DE OXIGÊNIO DE 1,5M³;0;;;;;;;;;;TAXA;;;;SERVIÇOS HOSPITALARES;1;;;;
80990460;1880990460;0;1;;RECARGA PARA CILINDRO DE OXIGÊNIO DE 1M³;0;;;;;;;;;;TAXA;;;;SERVIÇOS HOSPITALARES;1;;;;
80990487;1880990487;0;1;;RECARGA PARA CILINDRO DE OXIGÊNIO DE 4M³;0;;;;;;;;;;TAXA;;;;SERVIÇOS HOSPITALARES;1;;;;
80990495;1880990495;0;1;;RECARGA PARA CILINDRO DE OXIGÊNIO DE 6M³;0;;;;;;;;;;TAXA;;;;SERVIÇOS HOSPITALARES;1;;;;
80990509;1880990509;0;1;;RECARGA PARA CILINDRO DE OXIGÊNIO DE 8M³;0;;;;;;;;;;TAXA;;;;SERVIÇOS HOSPITALARES;1;;;;
80990258;1880990258;0;1;;RECARGA PARA CILINDRO DE OXIGÊNIO DE 10M³;0;;;;;;;;;;TAXA;;;;SERVIÇOS HOSPITALARES;1;;;;
60018658;60018658;18;1;;REMOÇÃO EM AMBULÂNCIA NEONATAL, COM MÉDICO E ENFERMAGEM, PARA ATENDIMENTO DE URGÊNCIA E TRANSFERÊNCIA, INTERMUNICIPAL, POR HORA;0;;;;;;;;;;TAXA;;;;SERVIÇOS HOSPITALARES;1;;;;
60018666;60018666;18;1;;REMOÇÃO EM AMBULÂNCIA NEONATAL, COM MÉDICO E ENFERMAGEM, PARA ATENDIMENTO DE URGÊNCIA E TRANSFERÊNCIA, INTERMUNICIPAL, POR KM;0;;;;;;;;;;TAXA;;;;SERVIÇOS HOSPITALARES;1;;;;
60018682;60018682;18;1;;REMOÇÃO EM AMBULÂNCIA NEONATAL, COM MÉDICO E ENFERMAGEM, PARA ATENDIMENTO DE URGÊNCIA E TRANSFERÊNCIA, NO MUNICÍPIO, POR HORA;0;;;;;;;;;;TAXA;;;;SERVIÇOS HOSPITALARES;1;;;;
60018690;60018690;18;1;;REMOÇÃO EM AMBULÂNCIA NEONATAL, COM MÉDICO E ENFERMAGEM, PARA ATENDIMENTO DE URGÊNCIA E TRANSFERÊNCIA, NO MUNICÍPIO, POR KM;0;;;;;;;;;;TAXA;;;;SERVIÇOS HOSPITALARES;1;;;;
60018712;60018712;18;1;;REMOÇÃO EM AMBULÂNCIA NEONATAL, COM MÉDICO E ENFERMAGEM, PARA SADT, INTERMUNICIPAL, POR HORA;0;;;;;;;;;;TAXA;;;;SERVIÇOS HOSPITALARES;1;;;;
60018720;60018720;18;1;;REMOÇÃO EM AMBULÂNCIA NEONATAL, COM MÉDICO E ENFERMAGEM, PARA SADT, INTERMUNICIPAL, POR KM;0;;;;;;;;;;TAXA;;;;SERVIÇOS HOSPITALARES;1;;;;
60018747;60018747;18;1;;REMOÇÃO EM AMBULÂNCIA NEONATAL, COM MÉDICO E ENFERMAGEM, PARA SADT, NO MUNICÍPIO, POR HORA;0;;;;;;;;;;TAXA;;;;SERVIÇOS HOSPITALARES;1;;;;
60018755;60018755;18;1;;REMOÇÃO EM AMBULÂNCIA NEONATAL, COM MÉDICO E ENFERMAGEM, PARA SADT, NO MUNICÍPIO, POR KM;0;;;;;;;;;;TAXA;;;;SERVIÇOS HOSPITALARES;1;;;;
60034777;60034777;18;1;;REMOÇÃO EM AMBULÂNCIA SIMPLES ADULTO  IDA E VOLTA;0;;;;;;;;;;TAXA;;;;SERVIÇOS HOSPITALARES;1;;;;
60034807;60034807;18;1;;REMOÇÃO EM AMBULÂNCIA SIMPLES ADULTO POR HORA PARADA;0;;;;;;;;;;TAXA;;;;SERVIÇOS HOSPITALARES;1;;;;
60018895;60018895;18;1;;REMOÇÃO EM AMBULÂNCIA SIMPLES ADULTO, COM ENFERMAGEM, PARA ATENDIMENTO DE URGÊNCIA E TRANSFERÊNCIA, INTERMUNICIPAL, POR HORA;0;;;;;;;;;;TAXA;;;;SERVIÇOS HOSPITALARES;1;;;;
60018909;60018909;18;1;;REMOÇÃO EM AMBULÂNCIA SIMPLES ADULTO, COM ENFERMAGEM, PARA ATENDIMENTO DE URGÊNCIA E TRANSFERÊNCIA, INTERMUNICIPAL, POR KM;0;;;;;;;;;;TAXA;;;;SERVIÇOS HOSPITALARES;1;;;;
60018925;60018925;18;1;;REMOÇÃO EM AMBULÂNCIA SIMPLES ADULTO, COM ENFERMAGEM, PARA ATENDIMENTO DE URGÊNCIA E TRANSFERÊNCIA, NO MUNICÍPIO, POR HORA;0;;;;;;;;;;TAXA;;;;SERVIÇOS HOSPITALARES;1;;;;
60018933;60018933;18;1;;REMOÇÃO EM AMBULÂNCIA SIMPLES ADULTO, COM ENFERMAGEM, PARA ATENDIMENTO DE URGÊNCIA E TRANSFERÊNCIA, NO MUNICÍPIO, POR KM;0;;;;;;;;;;TAXA;;;;SERVIÇOS HOSPITALARES;1;;;;
60018950;60018950;18;1;;REMOÇÃO EM AMBULÂNCIA SIMPLES ADULTO, COM ENFERMAGEM, PARA SADT, INTERMUNICIPAL, POR HORA;0;;;;;;;;;;TAXA;;;;SERVIÇOS HOSPITALARES;1;;;;
60018968;60018968;18;1;;REMOÇÃO EM AMBULÂNCIA SIMPLES ADULTO, COM ENFERMAGEM, PARA SADT, INTERMUNICIPAL, POR KM;0;;;;;;;;;;TAXA;;;;SERVIÇOS HOSPITALARES;1;;;;
60018984;60018984;18;1;;REMOÇÃO EM AMBULÂNCIA SIMPLES ADULTO, COM ENFERMAGEM, PARA SADT, NO MUNICÍPIO, POR HORA;0;;;;;;;;;;TAXA;;;;SERVIÇOS HOSPITALARES;1;;;;
60018992;60018992;18;1;;REMOÇÃO EM AMBULÂNCIA SIMPLES ADULTO, COM ENFERMAGEM, PARA SADT, NO MUNICÍPIO, POR KM;0;;;;;;;;;;TAXA;;;;SERVIÇOS HOSPITALARES;1;;;;
60019131;60019131;18;1;;REMOÇÃO EM AMBULÂNCIA SIMPLES ADULTO, COM MÉDICO E ENFERMAGEM, PARA ATENDIMENTO DE URGÊNCIA E TRANSFERÊNCIA, INTERMUNICIPAL, POR HORA;0;;;;;;;;;;TAXA;;;;SERVIÇOS HOSPITALARES;1;;;;
60019140;60019140;18;1;;REMOÇÃO EM AMBULÂNCIA SIMPLES ADULTO, COM MÉDICO E ENFERMAGEM, PARA ATENDIMENTO DE URGÊNCIA E TRANSFERÊNCIA, INTERMUNICIPAL, POR KM;0;;;;;;;;;;TAXA;;;;SERVIÇOS HOSPITALARES;1;;;;
60019166;60019166;18;1;;REMOÇÃO EM AMBULÂNCIA SIMPLES ADULTO, COM MÉDICO E ENFERMAGEM, PARA ATENDIMENTO DE URGÊNCIA E TRANSFERÊNCIA, NO MUNICÍPIO, POR HORA;0;;;;;;;;;;TAXA;;;;SERVIÇOS HOSPITALARES;1;;;;
60019174;60019174;18;1;;REMOÇÃO EM AMBULÂNCIA SIMPLES ADULTO, COM MÉDICO E ENFERMAGEM, PARA ATENDIMENTO DE URGÊNCIA E TRANSFERÊNCIA, NO MUNICÍPIO, POR KM;0;;;;;;;;;;TAXA;;;;SERVIÇOS HOSPITALARES;1;;;;
60019190;60019190;18;1;;REMOÇÃO EM AMBULÂNCIA SIMPLES ADULTO, COM MÉDICO E ENFERMAGEM, PARA SADT, INTERMUNICIPAL, POR HORA;0;;;;;;;;;;TAXA;;;;SERVIÇOS HOSPITALARES;1;;;;
60019204;60019204;18;1;;REMOÇÃO EM AMBULÂNCIA SIMPLES ADULTO, COM MÉDICO E ENFERMAGEM, PARA SADT, INTERMUNICIPAL, POR KM;0;;;;;;;;;;TAXA;;;;SERVIÇOS HOSPITALARES;1;;;;
60019220;60019220;18;1;;REMOÇÃO EM AMBULÂNCIA SIMPLES ADULTO, COM MÉDICO E ENFERMAGEM, PARA SADT, NO MUNICÍPIO, POR HORA;0;;;;;;;;;;TAXA;;;;SERVIÇOS HOSPITALARES;1;;;;
60019239;60019239;18;1;;REMOÇÃO EM AMBULÂNCIA SIMPLES ADULTO, COM MÉDICO E ENFERMAGEM, PARA SADT, NO MUNICÍPIO, POR KM;0;;;;;;;;;;TAXA;;;;SERVIÇOS HOSPITALARES;1;;;;
60034823;60034823;18;1;;REMOÇÃO EM AMBULÂNCIA SIMPLES PEDIATRICA  IDA E VOLTA;0;;;;;;;;;;TAXA;;;;SERVIÇOS HOSPITALARES;1;;;;
60034858;60034858;18;1;;REMOÇÃO EM AMBULÂNCIA SIMPLES PEDIATRICA POR HORA PARADA;0;;;;;;;;;;TAXA;;;;SERVIÇOS HOSPITALARES;1;;;;
60019859;60019859;18;1;;REMOÇÃO EM AMBULÂNCIA SIMPLES PEDIÁTRICA, COM ENFERMAGEM, PARA ATENDIMENTO DE URGÊNCIA E TRANSFERÊNCIA, INTERMUNICIPAL, POR HORA;0;;;;;;;;;;TAXA;;;;SERVIÇOS HOSPITALARES;1;;;;
60019867;60019867;18;1;;REMOÇÃO EM AMBULÂNCIA SIMPLES PEDIÁTRICA, COM ENFERMAGEM, PARA ATENDIMENTO DE URGÊNCIA E TRANSFERÊNCIA, INTERMUNICIPAL, POR KM;0;;;;;;;;;;TAXA;;;;SERVIÇOS HOSPITALARES;1;;;;
60019883;60019883;18;1;;REMOÇÃO EM AMBULÂNCIA SIMPLES PEDIÁTRICA, COM ENFERMAGEM, PARA ATENDIMENTO DE URGÊNCIA E TRANSFERÊNCIA, NO MUNICÍPIO, POR HORA;0;;;;;;;;;;TAXA;;;;SERVIÇOS HOSPITALARES;1;;;;
60019891;60019891;18;1;;REMOÇÃO EM AMBULÂNCIA SIMPLES PEDIÁTRICA, COM ENFERMAGEM, PARA ATENDIMENTO DE URGÊNCIA E TRANSFERÊNCIA, NO MUNICÍPIO, POR KM;0;;;;;;;;;;TAXA;;;;SERVIÇOS HOSPITALARES;1;;;;
60019913;60019913;18;1;;REMOÇÃO EM AMBULÂNCIA SIMPLES PEDIÁTRICA, COM ENFERMAGEM, PARA SADT, INTERMUNICIPAL, POR HORA;0;;;;;;;;;;TAXA;;;;SERVIÇOS HOSPITALARES;1;;;;
60019921;60019921;18;1;;REMOÇÃO EM AMBULÂNCIA SIMPLES PEDIÁTRICA, COM ENFERMAGEM, PARA SADT, INTERMUNICIPAL, POR KM;0;;;;;;;;;;TAXA;;;;SERVIÇOS HOSPITALARES;1;;;;
60019948;60019948;18;1;;REMOÇÃO EM AMBULÂNCIA SIMPLES PEDIÁTRICA, COM ENFERMAGEM, PARA SADT, NO MUNICÍPIO, POR HORA;0;;;;;;;;;;TAXA;;;;SERVIÇOS HOSPITALARES;1;;;;
60019956;60019956;18;1;;REMOÇÃO EM AMBULÂNCIA SIMPLES PEDIÁTRICA, COM ENFERMAGEM, PARA SADT, NO MUNICÍPIO, POR KM;0;;;;;;;;;;TAXA;;;;SERVIÇOS HOSPITALARES;1;;;;
60020091;60020091;18;1;;REMOÇÃO EM AMBULÂNCIA SIMPLES PEDIÁTRICA, COM MÉDICO E ENFERMAGEM, PARA ATENDIMENTO DE URGÊNCIA E TRANSFERÊNCIA, INTERMUNICIPAL, POR HORA;0;;;;;;;;;;TAXA;;;;SERVIÇOS HOSPITALARES;1;;;;
60020105;60020105;18;1;;REMOÇÃO EM AMBULÂNCIA SIMPLES PEDIÁTRICA, COM MÉDICO E ENFERMAGEM, PARA ATENDIMENTO DE URGÊNCIA E TRANSFERÊNCIA, INTERMUNICIPAL, POR KM;0;;;;;;;;;;TAXA;;;;SERVIÇOS HOSPITALARES;1;;;;
60020121;60020121;18;1;;REMOÇÃO EM AMBULÂNCIA SIMPLES PEDIÁTRICA, COM MÉDICO E ENFERMAGEM, PARA ATENDIMENTO DE URGÊNCIA E TRANSFERÊNCIA, NO MUNICÍPIO, POR HORA;0;;;;;;;;;;TAXA;;;;SERVIÇOS HOSPITALARES;1;;;;
60020130;60020130;18;1;;REMOÇÃO EM AMBULÂNCIA SIMPLES PEDIÁTRICA, COM MÉDICO E ENFERMAGEM, PARA ATENDIMENTO DE URGÊNCIA E TRANSFERÊNCIA, NO MUNICÍPIO, POR KM;0;;;;;;;;;;TAXA;;;;SERVIÇOS HOSPITALARES;1;;;;
60020156;60020156;18;1;;REMOÇÃO EM AMBULÂNCIA SIMPLES PEDIÁTRICA, COM MÉDICO E ENFERMAGEM, PARA SADT, INTERMUNICIPAL, POR HORA;0;;;;;;;;;;TAXA;;;;SERVIÇOS HOSPITALARES;1;;;;
60020164;60020164;18;1;;REMOÇÃO EM AMBULÂNCIA SIMPLES PEDIÁTRICA, COM MÉDICO E ENFERMAGEM, PARA SADT, INTERMUNICIPAL, POR KM;0;;;;;;;;;;TAXA;;;;SERVIÇOS HOSPITALARES;1;;;;
60020180;60020180;18;1;;REMOÇÃO EM AMBULÂNCIA SIMPLES PEDIÁTRICA, COM MÉDICO E ENFERMAGEM, PARA SADT, NO MUNICÍPIO, POR HORA;0;;;;;;;;;;TAXA;;;;SERVIÇOS HOSPITALARES;1;;;;
60020199;60020199;18;1;;REMOÇÃO EM AMBULÂNCIA SIMPLES PEDIÁTRICA, COM MÉDICO E ENFERMAGEM, PARA SADT, NO MUNICÍPIO, POR KM;0;;;;;;;;;;TAXA;;;;SERVIÇOS HOSPITALARES;1;;;;
60020326;60020326;18;1;;REMOÇÃO EM AMBULÂNCIA SIMPLES PEDIÁTRICA, COM MÉDICO, PARA ATENDIMENTO DE URGÊNCIA E TRANSFERÊNCIA, INTERMUNICIPAL, ESPERA / HORA PARADA;0;;;;;;;;;;TAXA;;;;SERVIÇOS HOSPITALARES;1;;;;
60020334;60020334;18;1;;REMOÇÃO EM AMBULÂNCIA SIMPLES PEDIÁTRICA, COM MÉDICO, PARA ATENDIMENTO DE URGÊNCIA E TRANSFERÊNCIA, INTERMUNICIPAL, POR HORA;0;;;;;;;;;;TAXA;;;;SERVIÇOS HOSPITALARES;1;;;;
60020342;60020342;18;1;;REMOÇÃO EM AMBULÂNCIA SIMPLES PEDIÁTRICA, COM MÉDICO, PARA ATENDIMENTO DE URGÊNCIA E TRANSFERÊNCIA, INTERMUNICIPAL, POR KM;0;;;;;;;;;;TAXA;;;;SERVIÇOS HOSPITALARES;1;;;;
60020350;60020350;18;1;;REMOÇÃO EM AMBULÂNCIA SIMPLES PEDIÁTRICA, COM MÉDICO, PARA ATENDIMENTO DE URGÊNCIA E TRANSFERÊNCIA, NO MUNICÍPIO, ESPERA / HORA PARADA;0;;;;;;;;;;TAXA;;;;SERVIÇOS HOSPITALARES;1;;;;
60020369;60020369;18;1;;REMOÇÃO EM AMBULÂNCIA SIMPLES PEDIÁTRICA, COM MÉDICO, PARA ATENDIMENTO DE URGÊNCIA E TRANSFERÊNCIA, NO MUNICÍPIO, POR HORA;0;;;;;;;;;;TAXA;;;;SERVIÇOS HOSPITALARES;1;;;;
60020377;60020377;18;1;;REMOÇÃO EM AMBULÂNCIA SIMPLES PEDIÁTRICA, COM MÉDICO, PARA ATENDIMENTO DE URGÊNCIA E TRANSFERÊNCIA, NO MUNICÍPIO, POR KM;0;;;;;;;;;;TAXA;;;;SERVIÇOS HOSPITALARES;1;;;;
60020385;60020385;18;1;;REMOÇÃO EM AMBULÂNCIA SIMPLES PEDIÁTRICA, COM MÉDICO, PARA SADT, INTERMUNICIPAL, ESPERA / HORA PARADA;0;;;;;;;;;;TAXA;;;;SERVIÇOS HOSPITALARES;1;;;;
60020393;60020393;18;1;;REMOÇÃO EM AMBULÂNCIA SIMPLES PEDIÁTRICA, COM MÉDICO, PARA SADT, INTERMUNICIPAL, POR HORA;0;;;;;;;;;;TAXA;;;;SERVIÇOS HOSPITALARES;1;;;;
60020407;60020407;18;1;;REMOÇÃO EM AMBULÂNCIA SIMPLES PEDIÁTRICA, COM MÉDICO, PARA SADT, INTERMUNICIPAL, POR KM;0;;;;;;;;;;TAXA;;;;SERVIÇOS HOSPITALARES;1;;;;
60020415;60020415;18;1;;REMOÇÃO EM AMBULÂNCIA SIMPLES PEDIÁTRICA, COM MÉDICO, PARA SADT, NO MUNICÍPIO, ESPERA / HORA PARADA;0;;;;;;;;;;TAXA;;;;SERVIÇOS HOSPITALARES;1;;;;
60020423;60020423;18;1;;REMOÇÃO EM AMBULÂNCIA SIMPLES PEDIÁTRICA, COM MÉDICO, PARA SADT, NO MUNICÍPIO, POR HORA;0;;;;;;;;;;TAXA;;;;SERVIÇOS HOSPITALARES;1;;;;
60020431;60020431;18;1;;REMOÇÃO EM AMBULÂNCIA SIMPLES PEDIÁTRICA, COM MÉDICO, PARA SADT, NO MUNICÍPIO, POR KM;0;;;;;;;;;;TAXA;;;;SERVIÇOS HOSPITALARES;1;;;;
60034874;60034874;18;1;;REMOÇÃO EM AMBULÂNCIA UTI ADULTO  IDA E VOLTA;0;;;;;;;;;;TAXA;;;;SERVIÇOS HOSPITALARES;1;;;;
60034904;60034904;18;1;;REMOÇÃO EM AMBULÂNCIA UTI ADULTO  POR HORA PARADA;0;;;;;;;;;;TAXA;;;;SERVIÇOS HOSPITALARES;1;;;;
60020814;60020814;18;1;;REMOÇÃO EM AMBULÂNCIA UTI ADULTO, COM MÉDICO E ENFERMAGEM, PARA ATENDIMENTO DE URGÊNCIA E TRANSFERÊNCIA, INTERMUNICIPAL, POR HORA;0;;;;;;;;;;TAXA;;;;SERVIÇOS HOSPITALARES;1;;;;
60020822;60020822;18;1;;REMOÇÃO EM AMBULÂNCIA UTI ADULTO, COM MÉDICO E ENFERMAGEM, PARA ATENDIMENTO DE URGÊNCIA E TRANSFERÊNCIA, INTERMUNICIPAL, POR KM;0;;;;;;;;;;TAXA;;;;SERVIÇOS HOSPITALARES;1;;;;
60020849;60020849;18;1;;REMOÇÃO EM AMBULÂNCIA UTI ADULTO, COM MÉDICO E ENFERMAGEM, PARA ATENDIMENTO DE URGÊNCIA E TRANSFERÊNCIA, NO MUNICÍPIO, POR HORA;0;;;;;;;;;;TAXA;;;;SERVIÇOS HOSPITALARES;1;;;;
60020857;60020857;18;1;;REMOÇÃO EM AMBULÂNCIA UTI ADULTO, COM MÉDICO E ENFERMAGEM, PARA ATENDIMENTO DE URGÊNCIA E TRANSFERÊNCIA, NO MUNICÍPIO, POR KM;0;;;;;;;;;;TAXA;;;;SERVIÇOS HOSPITALARES;1;;;;
60020873;60020873;18;1;;REMOÇÃO EM AMBULÂNCIA UTI ADULTO, COM MÉDICO E ENFERMAGEM, PARA SADT, INTERMUNICIPAL, POR HORA;0;;;;;;;;;;TAXA;;;;SERVIÇOS HOSPITALARES;1;;;;
60020881;60020881;18;1;;REMOÇÃO EM AMBULÂNCIA UTI ADULTO, COM MÉDICO E ENFERMAGEM, PARA SADT, INTERMUNICIPAL, POR KM;0;;;;;;;;;;TAXA;;;;SERVIÇOS HOSPITALARES;1;;;;
60020903;60020903;18;1;;REMOÇÃO EM AMBULÂNCIA UTI ADULTO, COM MÉDICO E ENFERMAGEM, PARA SADT, NO MUNICÍPIO, POR HORA;0;;;;;;;;;;TAXA;;;;SERVIÇOS HOSPITALARES;1;;;;
60020911;60020911;18;1;;REMOÇÃO EM AMBULÂNCIA UTI ADULTO, COM MÉDICO E ENFERMAGEM, PARA SADT, NO MUNICÍPIO, POR KM;0;;;;;;;;;;TAXA;;;;SERVIÇOS HOSPITALARES;1;;;;
60034920;60034920;18;1;;REMOÇÃO EM AMBULÂNCIA UTI PEDIÁTRICA  IDA E VOLTA;0;;;;;;;;;;TAXA;;;;SERVIÇOS HOSPITALARES;1;;;;
60034939;60034939;18;1;;REMOÇÃO EM AMBULÂNCIA UTI PEDIÁTRICA  POR HORA PARADA;0;;;;;;;;;;TAXA;;;;SERVIÇOS HOSPITALARES;1;;;;
60021055;60021055;18;1;;REMOÇÃO EM AMBULÂNCIA UTI PEDIÁTRICA, COM MÉDICO E ENFERMAGEM, PARA ATENDIMENTO DE URGÊNCIA E TRANSFERÊNCIA, INTERMUNICIPAL, POR HORA;0;;;;;;;;;;TAXA;;;;SERVIÇOS HOSPITALARES;1;;;;
60021063;60021063;18;1;;REMOÇÃO EM AMBULÂNCIA UTI PEDIÁTRICA, COM MÉDICO E ENFERMAGEM, PARA ATENDIMENTO DE URGÊNCIA E TRANSFERÊNCIA, INTERMUNICIPAL, POR KM;0;;;;;;;;;;TAXA;;;;SERVIÇOS HOSPITALARES;1;;;;
60021080;60021080;18;1;;REMOÇÃO EM AMBULÂNCIA UTI PEDIÁTRICA, COM MÉDICO E ENFERMAGEM, PARA ATENDIMENTO DE URGÊNCIA E TRANSFERÊNCIA, NO MUNICÍPIO, POR HORA;0;;;;;;;;;;TAXA;;;;SERVIÇOS HOSPITALARES;1;;;;
60021098;60021098;18;1;;REMOÇÃO EM AMBULÂNCIA UTI PEDIÁTRICA, COM MÉDICO E ENFERMAGEM, PARA ATENDIMENTO DE URGÊNCIA E TRANSFERÊNCIA, NO MUNICÍPIO, POR KM;0;;;;;;;;;;TAXA;;;;SERVIÇOS HOSPITALARES;1;;;;
60021110;60021110;18;1;;REMOÇÃO EM AMBULÂNCIA UTI PEDIÁTRICA, COM MÉDICO E ENFERMAGEM, PARA SADT, INTERMUNICIPAL, POR HORA;0;;;;;;;;;;TAXA;;;;SERVIÇOS HOSPITALARES;1;;;;
60021128;60021128;18;1;;REMOÇÃO EM AMBULÂNCIA UTI PEDIÁTRICA, COM MÉDICO E ENFERMAGEM, PARA SADT, INTERMUNICIPAL, POR KM;0;;;;;;;;;;TAXA;;;;SERVIÇOS HOSPITALARES;1;;;;
60021144;60021144;18;1;;REMOÇÃO EM AMBULÂNCIA UTI PEDIÁTRICA, COM MÉDICO E ENFERMAGEM, PARA SADT, NO MUNICÍPIO, POR HORA;0;;;;;;;;;;TAXA;;;;SERVIÇOS HOSPITALARES;1;;;;
60021152;60021152;18;1;;REMOÇÃO EM AMBULÂNCIA UTI PEDIÁTRICA, COM MÉDICO E ENFERMAGEM, PARA SADT, NO MUNICÍPIO, POR KM;0;;;;;;;;;;TAXA;;;;SERVIÇOS HOSPITALARES;1;;;;
60027835;60027835;18;1;;RESPIRADOR, POR DIA;0;;;;;;;;;;TAXA;;;;SERVIÇOS HOSPITALARES;1;;;;
60027843;60027843;18;1;;RESPIRADOR, POR HORA;0;;;;;;;;;;TAXA;;;;SERVIÇOS HOSPITALARES;1;;;;
60028602;60028602;18;1;;RPPI COM AR COMPRIMIDO, POR HORA;0;;;;;;;;;;TAXA;;;;SERVIÇOS HOSPITALARES;1;;;;
60034351;60034351;18;1;;RPPI COM AR COMPRIMIDO, POR MINUTO;0;;;;;;;;;;TAXA;;;;SERVIÇOS HOSPITALARES;1;;;;
60028610;60028610;18;1;;RPPI COM OXIGÊNIO, POR HORA;0;;;;;;;;;;TAXA;;;;SERVIÇOS HOSPITALARES;1;;;;
60034360;60034360;18;1;;RPPI COM OXIGÊNIO, POR MINUTO;0;;;;;;;;;;TAXA;;;;SERVIÇOS HOSPITALARES;1;;;;
80032001;1880032001;0;1;;SALA DE POLISSONOGRAFIA;0;;;;;;;;;;TAXA;;;;SERVIÇOS HOSPITALARES;1;;;;
60028041;60028041;18;1;;SUPORTE DE SORO;0;;;;;;;;;;TAXA;;;;SERVIÇOS HOSPITALARES;1;;;;
60000325;60000325;18;1;;TAXA COMPACTA DE REPOUSO EM PRONTO SOCORRO;0;;;;;;;;;;TAXA;;;;SERVIÇOS HOSPITALARES;1;;;;
60000333;60000333;18;1;;TAXA COMPACTA DE SALA CENTRO CIRÚRGICO;0;;;;;;;;;;TAXA;;;;SERVIÇOS HOSPITALARES;1;;;;
60000341;60000341;18;1;;TAXA COMPACTA DE SALA CENTRO OBSTÉTRICO;0;;;;;;;;;;TAXA;;;;SERVIÇOS HOSPITALARES;1;;;;
60000350;60000350;18;1;;TAXA COMPACTA DE SALA DE ANGIOGRAFIA;0;;;;;;;;;;TAXA;;;;SERVIÇOS HOSPITALARES;1;;;;
60000376;60000376;18;1;;TAXA COMPACTA DE SALA DE CURATIVOS AMBULATORIAIS;0;;;;;;;;;;TAXA;;;;SERVIÇOS HOSPITALARES;1;;;;
60000392;60000392;18;1;;TAXA COMPACTA DE SALA DE HEMODIÁLISE;0;;;;;;;;;;TAXA;;;;SERVIÇOS HOSPITALARES;1;;;;
60000406;60000406;18;1;;TAXA COMPACTA DE SALA DE HEMODINÂMICA;0;;;;;;;;;;TAXA;;;;SERVIÇOS HOSPITALARES;1;;;;
60000414;60000414;18;1;;TAXA COMPACTA DE SALA DE IMOBILIZAÇÃO GESSADA;0;;;;;;;;;;TAXA;;;;SERVIÇOS HOSPITALARES;1;;;;
60000449;60000449;18;1;;TAXA COMPACTA DE SALA DE MEDICAMENTOS VIA IM OU IV;0;;;;;;;;;;TAXA;;;;SERVIÇOS HOSPITALARES;1;;;;
60000457;60000457;18;1;;TAXA COMPACTA DE SALA DE PEQUENAS CIRURGIAS;0;;;;;;;;;;TAXA;;;;SERVIÇOS HOSPITALARES;1;;;;
60000465;60000465;18;1;;TAXA COMPACTA DE SALA DE PEQUENOS PROCEDIMENTOS;0;;;;;;;;;;TAXA;;;;SERVIÇOS HOSPITALARES;1;;;;
60000481;60000481;18;1;;TAXA COMPACTA DE SALA DE SESSÃO DE QUIMIOTERAPIA AMBULATORIAL;0;;;;;;;;;;TAXA;;;;SERVIÇOS HOSPITALARES;1;;;;
60000490;60000490;18;1;;TAXA COMPACTA DE SALA SESSÃO DE INALAÇÃO;0;;;;;;;;;;TAXA;;;;SERVIÇOS HOSPITALARES;1;;;;
60021535;60021535;18;1;;TAXA DE ACOMPANHANTE EM CENTRO OBSTÉTRICO;0;;;;;;;;;;TAXA;;;;SERVIÇOS HOSPITALARES;1;;;;
60024062;60024062;18;1;;TAXA DE ANDADOR, POR DIA;0;;;;;;;;;;TAXA;;;;SERVIÇOS HOSPITALARES;1;;;;
60024976;60024976;18;1;;TAXA DE APARELHO PARA FOTOTERAPIA, POR DIA;0;;;;;;;;;;TAXA;;;;SERVIÇOS HOSPITALARES;1;;;;
60024089;60024089;18;1;;TAXA DE APARELHO/EQUIPAMENTO DE OXIGÊNIO PORTÁTIL, POR USO;0;;;;;;;;;;TAXA;;;;SERVIÇOS HOSPITALARES;1;;;;
60015292;60015292;18;1;;TAXA DE APLICAÇÃO DE INJEÇÃO EV, FORA DA UTI/SEMI-UTI E DO CENTRO CIRÚRGICO, POR USO/SESSÃO;0;;;;;;;;;;TAXA;;;;SERVIÇOS HOSPITALARES;1;;;;
60015322;60015322;18;1;;TAXA DE APLICAÇÃO DE INJEÇÃO IM, FORA DA UTI/SEMI-UTI E DO CENTRO CIRÚRGICO, POR USO/SESSÃO;0;;;;;;;;;;TAXA;;;;SERVIÇOS HOSPITALARES;1;;;;
60015357;60015357;18;1;;TAXA DE APLICAÇÃO DE INJEÇÃO SUBCUTÂNEA, FORA DA UTI/SEMI-UTI E DO CENTRO CIRÚRGICO, POR USO/SESSÃO;0;;;;;;;;;;TAXA;;;;SERVIÇOS HOSPITALARES;1;;;;
60034440;60034440;18;1;;TAXA DE AUXILIAR/TÉCNICO DE ENFERMAGEM NO DOMICÍLIO ATÉ 3 HORAS;0;;;;;;;;;;TAXA;;;;SERVIÇOS HOSPITALARES;1;;;;
60034459;60034459;18;1;;TAXA DE AUXILIAR/TÉCNICO DE ENFERMAGEM NO DOMICÍLIO ATÉ 6 HORAS;0;;;;;;;;;;TAXA;;;;SERVIÇOS HOSPITALARES;1;;;;
60034467;60034467;18;1;;TAXA DE AUXILIAR/TÉCNICO DE ENFERMAGEM NO DOMICÍLIO ATÉ 12 HORAS;0;;;;;;;;;;TAXA;;;;SERVIÇOS HOSPITALARES;1;;;;
80990380;1880990380;0;1;;TAXA DE AUXILIAR/TÉCNICO DE ENFERMAGEM NO DOMICÍLIO ATÉ 18 HORAS;0;;;;;;;;;;TAXA;;;;SERVIÇOS HOSPITALARES;1;;;;
60034475;60034475;18;1;;TAXA DE AUXILIAR/TÉCNICO DE ENFERMAGEM NO DOMICÍLIO ATÉ 24 HORAS;0;;;;;;;;;;TAXA;;;;SERVIÇOS HOSPITALARES;1;;;;
80990398;1880990398;0;1;;TAXA DE BASE AQUECIDA, POR DIA;0;;;;;;;;;;TAXA;;;;SERVIÇOS HOSPITALARES;1;;;;
60025336;60025336;18;1;;TAXA DE BERÇO AQUECIDO, POR DIA;0;;;;;;;;;;TAXA;;;;SERVIÇOS HOSPITALARES;1;;;;
60025964;60025964;18;1;;TAXA DE CADEIRA DE RODAS, POR DIA;0;;;;;;;;;;TAXA;;;;SERVIÇOS HOSPITALARES;1;;;;
60025972;60025972;18;1;;TAXA DE CADEIRA HIGIÊNICA, POR DIA;0;;;;;;;;;;TAXA;;;;SERVIÇOS HOSPITALARES;1;;;;
60026146;60026146;18;1;;TAXA DE CAMA HOSPITALAR COM ALTURA VARIÁVEL, POR DIA;0;;;;;;;;;;TAXA;;;;SERVIÇOS HOSPITALARES;1;;;;
60022191;60022191;18;1;;TAXA DE CHAMADA DE AMBULÂNCIA, POR USO;0;;;;;;;;;;TAXA;;;;SERVIÇOS HOSPITALARES;1;;;;
80990401;1880990401;0;1;;TAXA DE COLETA DE LIXO DOMICILIAR, POR MÊS;0;;;;;;;;;;TAXA;;;;SERVIÇOS HOSPITALARES;1;;;;
60026391;60026391;18;1;;TAXA DE CONCENTRADOR DE OXIGÊNIO, POR DIA;0;;;;;;;;;;TAXA;;;;SERVIÇOS HOSPITALARES;1;;;;
80990045;1880990045;0;1;;TAXA DE CUSTEIO ADMINISTRATIVO PARA OPME ( ÓRTESES, PRÓTESES E MATERIAIS ESPECIAIS ) ADQUIRIDO PELA UNIMED DE ORIGEM;0;;;;;;;;;;TAXA;;;;SERVIÇOS HOSPITALARES;1;;;;
60018585;60018585;18;1;;TAXA DE DESINFECÇÃO/ESTERILIZAÇÃO DE EQUIPAMENTO, POR USO;0;;;;;;;;;;TAXA;;;;SERVIÇOS HOSPITALARES;1;;;;
80990444;1880990444;0;1;;TAXA DE EQUIPAMENTO PARA AFERIÇÃO DA PRESSÃO ARTERIAL, POR DIA;0;;;;;;;;;;TAXA;;;;SERVIÇOS HOSPITALARES;1;;;;
60026910;60026910;18;1;;TAXA DE FLUXÔMETRO PARA GASES, POR DIA;0;;;;;;;;;;TAXA;;;;SERVIÇOS HOSPITALARES;1;;;;
80990436;1880990436;0;1;;TAXA DE GUINDASTE DE TRANSPORTE, POR DIA;0;;;;;;;;;;TAXA;;;;SERVIÇOS HOSPITALARES;1;;;;
60022256;60022256;18;1;;TAXA DE IMOBILIZAÇÃO GESSADA, POR USO/SESSÃO;0;;;;;;;;;;TAXA;;;;SERVIÇOS HOSPITALARES;1;;;;
60022264;60022264;18;1;;TAXA DE IMOBILIZAÇÃO NÃO GESSADA, POR USO/SESSÃO;0;;;;;;;;;;TAXA;;;;SERVIÇOS HOSPITALARES;1;;;;
80043917;1880043917;0;1;;TAXA DE MATERIAL DESCARTÁVEL (KIT), FILTRO PARA DELEUCOTIZAÇÃO PARA FILTRAÇÃO, POR COMPONENTE;0;;;;;;;;;;TAXA;;01/07/2020;;SERVIÇOS HOSPITALARES;1;;;;
60027436;60027436;18;1;;TAXA DE MICROSCÓPIO OFTALMOLÓGICO, POR USO;0;;;;;;;;;;TAXA;;;;SERVIÇOS HOSPITALARES;1;;;;
60031719;60031719;18;1;;TAXA DE MONITOR/MONITORIZAÇÃO DE OXÍMETRO, EM DOMICÍLIO;0;;;;;;;;;;TAXA;;;;SERVIÇOS HOSPITALARES;1;;;;
60029820;60029820;18;1;;TAXA DE MONITOR/MONITORIZAÇÃO MULTIPARÂMETRO POR DIA;0;;;;;;;;;;TAXA;;;;SERVIÇOS HOSPITALARES;1;;;;
60018607;60018607;18;1;;TAXA DE PERMEABILIZAÇÃO DE CATÉTER DE LONGA PERMANÊNCIA, POR USO;0;;;;;;;;;;TAXA;;;;SERVIÇOS HOSPITALARES;1;;;;
60018623;60018623;18;1;;TAXA DE PREPARO DE QUIMIOTERÁPICOS, POR USO;0;;;;;;;;;;TAXA;;;;SERVIÇOS HOSPITALARES;1;;;;
60033533;60033533;18;1;;TAXA DE REFEIÇÃO DE ACOMPANHANTE (ALMOÇO OU JANTAR);0;;;;;;;;;;TAXA;;;;SERVIÇOS HOSPITALARES;1;;;;
60033541;60033541;18;1;;TAXA DE REFEIÇÃO DE ACOMPANHANTE (CAFÉ DA MANHÃ OU CAFÉ DA TARDE);0;;;;;;;;;;TAXA;;;;SERVIÇOS HOSPITALARES;1;;;;
60018631;60018631;18;1;;TAXA DE REMOÇÃO AÉREA, POR USO;0;;;;;;;;;;TAXA;;;;SERVIÇOS HOSPITALARES;1;;;;
80990355;1880990355;0;1;;TAXA DE REMOÇÃO EM AMBULÂNCIA SIMPLES, ADULTO OU PEDIÁTRICO, COM ENFERMAGEM (IDA E VOLTA);0;;;;;;;;;;TAXA;;;;SERVIÇOS HOSPITALARES;1;;;;
80990347;1880990347;0;1;;TAXA DE REMOÇÃO EM AMBULÂNCIA SIMPLES, ADULTO OU PEDIÁTRICO, COM ENFERMAGEM (SOMENTE IDA);0;;;;;;;;;;TAXA;;;;SERVIÇOS HOSPITALARES;1;;;;
80990371;1880990371;0;1;;TAXA DE REMOÇÃO EM AMBULÂNCIA UTI, ADULTO OU PEDIÁTRICO, COM MÉDICO E ENFERMAGEM (IDA E VOLTA);0;;;;;;;;;;TAXA;;;;SERVIÇOS HOSPITALARES;1;;;;
80990363;1880990363;0;1;;TAXA DE REMOÇÃO EM AMBULÂNCIA UTI, ADULTO OU PEDIÁTRICO, COM MÉDICO E ENFERMAGEM (SOMENTE IDA);0;;;;;;;;;;TAXA;;;;SERVIÇOS HOSPITALARES;1;;;;
60027738;60027738;18;1;;TAXA DE RESPIRADOR BIPAP / CPAP, POR DIA;0;;;;;;;;;;TAXA;;;;SERVIÇOS HOSPITALARES;1;;;;
60027746;60027746;18;1;;TAXA DE RESPIRADOR BIPAP / CPAP, POR HORA;0;;;;;;;;;;TAXA;;;;SERVIÇOS HOSPITALARES;1;;;;
60027738;60027738;18;1;;TAXA DE RESPIRADOR BIPAP/ CPAP, POR DIA;0;;;;;;;;;;TAXA;;;;SERVIÇOS HOSPITALARES;1;;;;
80029043;1880029043;0;1;;"TAXA DE SALA CC ""T4""";0;;;;;;;;;;TAXA;;;;SERVIÇOS HOSPITALARES;1;;;;
80029060;1880029060;0;1;;"TAXA DE SALA CC ""T6""";0;;;;;;;;;;TAXA;;;;SERVIÇOS HOSPITALARES;1;;;;
80029086;1880029086;0;1;;"TAXA DE SALA CC ""T8""";0;;;;;;;;;;TAXA;;;;SERVIÇOS HOSPITALARES;1;;;;
80029108;1880029108;0;1;;"TAXA DE SALA CC ""T10""";0;;;;;;;;;;TAXA;;;;SERVIÇOS HOSPITALARES;1;;;;
80029116;1880029116;0;1;;"TAXA DE SALA CC ""T11""";0;;;;;;;;;;TAXA;;;;SERVIÇOS HOSPITALARES;1;;;;
60022973;60022973;18;1;;TAXA DE SALA CIRÚRGICA, ATÉ 1 HORA;0;;;;;;;;;;TAXA;;;;SERVIÇOS HOSPITALARES;1;;;;
60022981;60022981;18;1;;TAXA DE SALA CIRÚRGICA, ATÉ 2 HORAS;0;;;;;;;;;;TAXA;;;;SERVIÇOS HOSPITALARES;1;;;;
60022990;60022990;18;1;;TAXA DE SALA CIRÚRGICA, ATÉ 3 HORAS;0;;;;;;;;;;TAXA;;;;SERVIÇOS HOSPITALARES;1;;;;
60035013;60035013;18;1;;TAXA DE SALA CIRÚRGICA, ATÉ 4 HORAS;0;;;;;;;;;;TAXA;;;;SERVIÇOS HOSPITALARES;1;;;;
60035021;60035021;18;1;;TAXA DE SALA CIRÚRGICA, ATÉ 5 HORAS;0;;;;;;;;;;TAXA;;;;SERVIÇOS HOSPITALARES;1;;;;
60023007;60023007;18;1;;TAXA DE SALA CIRÚRGICA, ATÉ 30 MINUTOS;0;;;;;;;;;;TAXA;;;;SERVIÇOS HOSPITALARES;1;;;;
60023015;60023015;18;1;;TAXA DE SALA CIRÚRGICA, ATÉ 45 MINUTOS;0;;;;;;;;;;TAXA;;;;SERVIÇOS HOSPITALARES;1;;;;
60023090;60023090;18;1;;TAXA DE SALA CIRÚRGICA, PORTE ANESTÉSICO 0;0;;;;;;;;;;TAXA;;;;SERVIÇOS HOSPITALARES;1;;;;
60023104;60023104;18;1;;TAXA DE SALA CIRÚRGICA, PORTE ANESTÉSICO 1;0;;;;;;;;;;TAXA;;;;SERVIÇOS HOSPITALARES;1;;;;
60023112;60023112;18;1;;TAXA DE SALA CIRÚRGICA, PORTE ANESTÉSICO 2;0;;;;;;;;;;TAXA;;;;SERVIÇOS HOSPITALARES;1;;;;
60023120;60023120;18;1;;TAXA DE SALA CIRÚRGICA, PORTE ANESTÉSICO 3;0;;;;;;;;;;TAXA;;;;SERVIÇOS HOSPITALARES;1;;;;
60023139;60023139;18;1;;TAXA DE SALA CIRÚRGICA, PORTE ANESTÉSICO 4;0;;;;;;;;;;TAXA;;;;SERVIÇOS HOSPITALARES;1;;;;
60023147;60023147;18;1;;TAXA DE SALA CIRÚRGICA, PORTE ANESTÉSICO 5;0;;;;;;;;;;TAXA;;;;SERVIÇOS HOSPITALARES;1;;;;
60023155;60023155;18;1;;TAXA DE SALA CIRÚRGICA, PORTE ANESTÉSICO 6;0;;;;;;;;;;TAXA;;;;SERVIÇOS HOSPITALARES;1;;;;
60023163;60023163;18;1;;TAXA DE SALA CIRÚRGICA, PORTE ANESTÉSICO 7;0;;;;;;;;;;TAXA;;;;SERVIÇOS HOSPITALARES;1;;;;
60023171;60023171;18;1;;TAXA DE SALA CIRÚRGICA, PORTE ANESTÉSICO 8;0;;;;;;;;;;TAXA;;;;SERVIÇOS HOSPITALARES;1;;;;
60023180;60023180;18;1;;TAXA DE SALA CIRÚRGICA, RECUPERAÇÃO PÓS ANESTÉSICA;0;;;;;;;;;;TAXA;;;;SERVIÇOS HOSPITALARES;1;;;;
60033681;60033681;18;1;;TAXA DE SALA DE OBSERVAÇÃO, ATÉ 6 HORAS;0;;;;;;;;;;TAXA;;;;SERVIÇOS HOSPITALARES;1;;;;
60033665;60033665;18;1;;TAXA DE SALA DE OBSERVAÇÃO, ATÉ 12 HORAS;0;;;;;;;;;;TAXA;;;;SERVIÇOS HOSPITALARES;1;;;;
60033746;60033746;18;1;;TAXA DE SALA PARA APLICAÇÃO DE MEDICAÇÃO;0;;;;;;;;;;TAXA;;;;SERVIÇOS HOSPITALARES;1;;;;
60022965;60022965;18;1;;TAXA DE SALA/SESSÃO DE INALAÇÃO/NEBULIZAÇÃO;0;;;;;;;;;;TAXA;;;;SERVIÇOS HOSPITALARES;1;;;;
60033487;60033487;18;1;;TAXA DE SERVIÇO DE ARMAZENAMENTO, MANIPULAÇÃO, ESTERELIZAÇÃO, DISPENSAÇÃO, CONTROLE E AQUISIÇÃO DE ÓRTESES, PRÓTESES e MATERIAIS ESPECIAIS;0;;;;;;;;;;TAXA;;;;SERVIÇOS HOSPITALARES;1;;;;
60033843;60033843;18;1;;TAXA DE USO DE APARELHO DE ENDOSCOPIA RESPIRATÓRIA, POR USO;0;;;;;;;;;;TAXA;;;;SERVIÇOS HOSPITALARES;1;;;;
60033860;60033860;18;1;;TAXA DE USO DE APARELHO DE ENDOSCOPIA UROLÓGICA, POR USO;0;;;;;;;;;;TAXA;;;;SERVIÇOS HOSPITALARES;1;;;;
80990452;1880990452;0;1;;TAXA DE USO DE APARELHO DE TOSSE MECANICAMENTE ASSISTIDA, POR DIA;0;;;;;;;;;;TAXA;;;;SERVIÇOS HOSPITALARES;1;;;;
60033878;60033878;18;1;;TAXA DE USO DE APARELHO/EQUIPAMENTO DE VITRECTOMIA;0;;;;;;;;;;TAXA;;;;SERVIÇOS HOSPITALARES;1;;;;
60033916;60033916;18;1;;TAXA DE USO DE CRANIOTOMO;0;;;;;;;;;;TAXA;;;;SERVIÇOS HOSPITALARES;1;;;;
60034483;60034483;18;1;;TAXA DE USO DO CILINDRO DE OXIGÊNIO PORTÁTIL - BALA GRANDE, EM DOMICÍLIO;0;;;;;;;;;;TAXA;;;;SERVIÇOS HOSPITALARES;1;;;;
60034491;60034491;18;1;;TAXA DE USO DO CILINDRO DE OXIGÊNIO PORTÁTIL - BALA PEQUENA, EM DOMICÍLIO;0;;;;;;;;;;TAXA;;;;SERVIÇOS HOSPITALARES;1;;;;
80990428;1880990428;0;1;;TAXA DE USO DO EQUIPAMENTO PARA AFERIÇÃO DE GLICEMIA CAPILAR (GLICOSÍMETRO), POR DIA;0;;;;;;;;;;TAXA;;;;SERVIÇOS HOSPITALARES;1;;;;
80990410;1880990410;0;1;;TAXA DE USO DO PEDESTAL, POR DIA;0;;;;;;;;;;TAXA;;;;SERVIÇOS HOSPITALARES;1;;;;
60034505;60034505;18;1;;TAXA DE UTILIZAÇÃO DE AMBU EM DOMICÍLIO;0;;;;;;;;;;TAXA;;;;SERVIÇOS HOSPITALARES;1;;;;
80043925;1880043925;0;1;;TAXA DE UTILIZAÇÃO DE BOLSA PLÁSTICA POR UNIDADE HEMOTERAPICA;0;;;;;;;;;;TAXA;;;;SERVIÇOS HOSPITALARES;1;;;;
80043909;1880043909;0;1;;TAXA DE UTILIZAÇÃO DE DESCARTÁVEIS PARA APLICAÇÃO DE CADA UNIDADE HEMOTERAPICA;0;;;;;;;;;;TAXA;;;;SERVIÇOS HOSPITALARES;1;;;;
60034513;60034513;18;1;;TAXA DE UTILIZAÇÃO DE NOBREAK;0;;;;;;;;;;TAXA;;;;SERVIÇOS HOSPITALARES;1;;;;
60034521;60034521;18;1;;TAXA DE UTILIZAÇÃO DE SAÍDA DUPLA PARA CILINDRO DE OXIGÊNIO EM DOMICÍLIO;0;;;;;;;;;;TAXA;;;;SERVIÇOS HOSPITALARES;1;;;;
60033959;60033959;18;1;;TAXA DO LASER CIRÚRGICO, POR USO;0;;;;;;;;;;TAXA;;;;SERVIÇOS HOSPITALARES;1;;;;
80991009;1880991009;0;1;;TAXA PARA COLETA DE EXAMES DE GENÉTICA;0;;;;;;;;;;TAXA;;;;SERVIÇOS HOSPITALARES;1;;;;
80991017;1880991017;0;1;;TAXA PARA ENVIO DOS EXAMES DE GENÉTICA;0;;;;;;;;;;TAXA;;;;SERVIÇOS HOSPITALARES;1;;;;
60033975;60033975;18;1;;TAXA POR UNIDADE DE CURATIVO DE QUEIMADOS GRANDE;0;;;;;;;;;;TAXA;;;;SERVIÇOS HOSPITALARES;1;;;;
60033983;60033983;18;1;;TAXA POR UNIDADE DE CURATIVO DE QUEIMADOS MÉDIO;0;;;;;;;;;;TAXA;;;;SERVIÇOS HOSPITALARES;1;;;;
60033991;60033991;18;1;;TAXA POR UNIDADE DE CURATIVO DE QUEIMADOS PEQUENO;0;;;;;;;;;;TAXA;;;;SERVIÇOS HOSPITALARES;1;;;;
60034009;60034009;18;1;;TAXA POR UNIDADE DE CURATIVO GRANDE;0;;;;;;;;;;TAXA;;;;SERVIÇOS HOSPITALARES;1;;;;
60034017;60034017;18;1;;TAXA POR UNIDADE DE CURATIVO MÉDIO;0;;;;;;;;;;TAXA;;;;SERVIÇOS HOSPITALARES;1;;;;
60034025;60034025;18;1;;TAXA POR UNIDADE DE CURATIVO PEQUENO;0;;;;;;;;;;TAXA;;;;SERVIÇOS HOSPITALARES;1;;;;
60023210;60023210;18;1;;TAXA POR USO/SESSÃO DE SALA DE ANGIOGRAFIA;0;;;;;;;;;;TAXA;;;;SERVIÇOS HOSPITALARES;1;;;;
60023228;60023228;18;1;;TAXA POR USO/SESSÃO DE SALA DE BRONCOSCOPIA;0;;;;;;;;;;TAXA;;;;SERVIÇOS HOSPITALARES;1;;;;
60023244;60023244;18;1;;TAXA POR USO/SESSÃO DE SALA DE COLONOSCOPIA;0;;;;;;;;;;TAXA;;;;SERVIÇOS HOSPITALARES;1;;;;
60023287;60023287;18;1;;TAXA POR USO/SESSÃO DE SALA DE ENDOSCOPIA DIGESTIVA ALTA;0;;;;;;;;;;TAXA;;;;SERVIÇOS HOSPITALARES;1;;;;
60023295;60023295;18;1;;TAXA POR USO/SESSÃO DE SALA DE ENDOSCOPIA GINECOLÓGICA;0;;;;;;;;;;TAXA;;;;SERVIÇOS HOSPITALARES;1;;;;
60023309;60023309;18;1;;TAXA POR USO/SESSÃO DE SALA DE ENDOSCOPIA UROLÓGICA;0;;;;;;;;;;TAXA;;;;SERVIÇOS HOSPITALARES;1;;;;
60023317;60023317;18;1;;TAXA POR USO/SESSÃO DE SALA DE HEMODIÁLISE;0;;;;;;;;;;TAXA;;;;SERVIÇOS HOSPITALARES;1;;;;
60023325;60023325;18;1;;TAXA POR USO/SESSÃO DE SALA DE HEMODINÂMICA;0;;;;;;;;;;TAXA;;;;SERVIÇOS HOSPITALARES;1;;;;
60023333;60023333;18;1;;TAXA POR USO/SESSÃO DE SALA DE HEMOTERAPIA;0;;;;;;;;;;TAXA;;;;SERVIÇOS HOSPITALARES;1;;;;
60023350;60023350;18;1;;TAXA POR USO/SESSÃO DE SALA DE LITOTRIPSIA EXTRACORPÓREA;0;;;;;;;;;;TAXA;;;;SERVIÇOS HOSPITALARES;1;;;;
60023384;60023384;18;1;;TAXA POR USO/SESSÃO DE SALA DE PROCEDIMENTO AMBULATORIAL;0;;;;;;;;;;TAXA;;;;SERVIÇOS HOSPITALARES;1;;;;
60023406;60023406;18;1;;TAXA POR USO/SESSÃO DE SALA DE QUIMIOTERAPIA;0;;;;;;;;;;TAXA;;;;SERVIÇOS HOSPITALARES;1;;;;
60034041;60034041;18;1;;TENDA  DE OXIGÊNIO, POR HORA;0;;;;;;;;;;TAXA;;;;SERVIÇOS HOSPITALARES;1;;;;
60034378;60034378;18;1;;TENDA  DE OXIGÊNIO, POR MINUTO;0;;;;;;;;;;TAXA;;;;SERVIÇOS HOSPITALARES;1;;;;
60023899;60023899;18;1;;UTILIZAÇÃO DE BANDEJA  PARA RETIRADA DE PONTOS;0;;;;;;;;;;TAXA;;;;SERVIÇOS HOSPITALARES;1;;;;
80991254;1880991254;0;1;;TAXA PARA COLETA DE EXAMES DOMICILIAR DO CORONA VIRUS COVID-19;0;;;;;;;;;;TAXA;;;;SERVIÇOS HOSPITALARES;1;;;;
89999940;1889999940;0;1;;TAXA DE ATENDIMENTO SEMI-GLOBAL EM PS;0;;;;;;;;;;TAXA;;;;SERVIÇOS HOSPITALARES;1;;;;
89999975;1889999975;0;1;;TAXA COVID-19 PARTAMENTO;0;;;;;;;;;;TAXA;;;;SERVIÇOS HOSPITALARES;1;;;;
;;;;;;;;;;;;;;;;;;;;;;;;;
